cpu_time,batch_size
13.515938,1
41.075046,4
167.830571,16
663.31585,64
2575.419801,256
