cpu_time,batch_size
23.146714,1
41.541485,4
25.911044,16
54.858065,64
226.617542,256
928.558061,1024
3380.195741,4096
13606.760627,16384
